X,Y,OBJECTID,SCHOOL_ID,NAME,ADDRESS,COMMUNITY,CATEGORY,LOWEST_GRADE,HIGHEST_GRADE,LANGUAGE,SCHOOL_BOARD,WEBSITE,COMMENTS,LONGITUDE,LATITUDE
591100.452499999664724,4784077.3385,18,31,St. Marguerite D'Youville Elementary School,20 Bonaparte Way,Hamilton,Elementary School,Kindergarten,8,English,Hamilton-Wentworth Catholic District School Board,https://www.hwcdsb.ca/,,-79.87860549686357,43.20398125067917
592533.915400000289083,4791354.342,20,119,St. Lawrence Elementary School,88 Macaulay Street East,Hamilton,Elementary School,Kindergarten,8,English,Hamilton-Wentworth Catholic District School Board,https://www.hwcdsb.ca/,,-79.8597427084532,43.26932131796197
595118.846099999733269,4786304.038499999791,21,136,St. Margaret Mary Elementary School,25 Brentwood Drive,Hamilton,Elementary School,Kindergarten,8,English,Hamilton-Wentworth Catholic District School Board,https://www.hwcdsb.ca/,,-79.828767660345,43.22353244591759
590295.542700000107288,4789445.3728,22,159,St. Joseph Elementary School,270 Locke Street South,Hamilton,Elementary School,Kindergarten,8,French Immersion,Hamilton-Wentworth Catholic District School Board,https://www.hwcdsb.ca/,,-79.88763305285096,43.25240651223177
587811.893500000238419,4785107.5954,23,135,St. Thomas More Secondary School,1045 Upper Paradise Road,Hamilton,Secondary School,9,12,English,Hamilton-Wentworth Catholic District School Board,https://www.hwcdsb.ca/,,-79.91891476073636,43.213646410056754
596240.881299999542534,4788215.083399999887,24,149,Delta Secondary School,1284 Main Street East,Hamilton,Secondary School,9,12,English,Hamilton-Wentworth District School Board,https://www.hwdsb.on.ca,,-79.81462108415528,43.24059491937942
594314.431599999777973,4785342.9743,25,104,Richard Beasley Elementary School,80 Currie Street,Hamilton,Elementary School,Kindergarten,5,English,Hamilton-Wentworth District School Board,https://www.hwdsb.on.ca,,-79.83883492223438,43.21498106006422
592345.529900000430644,4791183.188699999824,26,116,Bennetto Elementary School,47 Simcoe Street East,Hamilton,Elementary School,Kindergarten,8,French Immersion,Hamilton-Wentworth District School Board,https://www.hwdsb.on.ca,,-79.86209236354546,43.26780355874186
592466.416699999943,4790044.89599999972,27,68,Dr. J. Edgar Davey Elementary School,99 Ferguson Avenue North,Hamilton,Elementary School,Kindergarten,8,English,Hamilton-Wentworth District School Board,https://www.hwdsb.on.ca,,-79.8607941712719,43.25754080586308
591452.079599999822676,4790483.757699999958,28,75,Sir John A. Macdonald Secondary School,130 York Boulevard,Hamilton,Secondary School,9,12,English,Hamilton-Wentworth District School Board,https://www.hwdsb.on.ca,,-79.87321576987785,43.26161561012727
597637.0592,4785864.980599999428,49,131,Elizabeth Bagshaw Elementary School,350 Albright Road,Hamilton,Elementary School,Kindergarten,8,English,Hamilton-Wentworth District School Board,https://www.hwdsb.on.ca,,-79.79784428457269,43.21925808628584
597829.806300000287592,4785770.6576,50,132,St. Luke Elementary School,345 Albright Road,Hamilton,Elementary School,Kindergarten,8,English,Hamilton-Wentworth Catholic District School Board,https://www.hwcdsb.ca/,,-79.79548831849547,43.21838395930296
595572.509999999776483,4786764.003299999982,51,134,Sherwood Secondary School,25 High Street,Hamilton,Secondary School,9,12,French Immersion,Hamilton-Wentworth District School Board,https://www.hwdsb.on.ca,,-79.82310301684215,43.227616109235825
591501.838999999687076,4788236.639599999413,52,137,Queensdale Elementary School,67 Queensdale Avenue East,Hamilton,Elementary School,Kindergarten,8,English,Hamilton-Wentworth District School Board,https://www.hwdsb.on.ca,,-79.87297594268257,43.24137888368282
587587.8311,4789959.7551,53,138,Canadian Martyrs' Elementary School,1355 Main Street West,Hamilton,Elementary School,Kindergarten,8,English,Hamilton-Wentworth Catholic District School Board,https://www.hwcdsb.ca/,,-79.9209021674226,43.25735701698606
587037.769799999892712,4789539.451899999753,54,139,St. Mary Secondary School,200 Whitney Avenue,Hamilton,Secondary School,9,12,English,Hamilton-Wentworth Catholic District School Board,https://www.hwcdsb.ca/,,-79.92774425593593,43.253636704776795
588636.332999999634922,4790040.4854,56,144,Columbia International College,1033 Main Street West,Hamilton,Alternative Education,7,12,English,,http://www.cic-totalcare.com/,,-79.90797373351137,43.257961259182004
591370.99930000025779,4786336.085799999535,57,145,St. Michael Elementary School,135 Hester Street,Hamilton,Elementary School,Kindergarten,8,English,Hamilton-Wentworth Catholic District School Board,https://www.hwcdsb.ca/,,-79.87490202698456,43.224284094346515
593510.985299999825656,4789560.5625,58,148,Cathedral High School,30 Wentworth Street North,Hamilton,Secondary School,9,12,French Immersion,Hamilton-Wentworth Catholic District School Board,https://www.hwcdsb.ca/,,-79.8480096099915,43.253051542296795
595771.888799999840558,4788520.3943,60,151,Memorial (Hamilton) Elementary School,1175 Main Street East,Hamilton,Elementary School,Kindergarten,8,English,Hamilton-Wentworth District School Board,https://www.hwdsb.on.ca,,-79.82034332557176,43.24340327630152
597849.669499999843538,4787905.604699999094,61,152,Sir Winston Churchill Secondary School,1715 Main Street East,Hamilton,Secondary School,9,12,English,Hamilton-Wentworth District School Board,https://www.hwdsb.on.ca,,-79.79486515829518,43.23760174840188
597926.618900000117719,4787464.6181,62,155,St. Eugene Elementary School,120 Parkdale Avenue South,Hamilton,Elementary School,Kindergarten,8,French Immersion,Hamilton-Wentworth Catholic District School Board,https://www.hwcdsb.ca/,,-79.79399594574605,43.23362168261716
594394.6699,4788759.9583,65,2,Adelaide Hoodless Elementary School,71 Maplewood Avenue,Hamilton,Elementary School,Kindergarten,8,English,Hamilton-Wentworth District School Board,https://www.hwdsb.on.ca,,-79.8372625496965,43.24573369283557
587501.547199999914,4786112.7936,67,4,St. Vincent De Paul Elementary School,295 Green Cedar Drive,Hamilton,Elementary School,Kindergarten,8,English,Hamilton-Wentworth Catholic District School Board,https://www.hwcdsb.ca/,,-79.92257553843959,43.22273240059906
587477.566899999976,4787088.424399999902,68,9,Sir Allan Macnab Secondary School,145 Magnolia Drive,Hamilton,Secondary School,9,12,English,Hamilton-Wentworth District School Board,https://www.hwdsb.on.ca,,-79.92271607149632,43.231518919072435
601052.281000000424683,4787339.42669999972,70,12,Lake Avenue Elementary School,157 Lake Avenue North,Hamilton,Elementary School,Kindergarten,8,English,Hamilton-Wentworth District School Board,https://www.hwdsb.on.ca,,-79.7555339155548,43.232082392224775
599068.003999999724329,4786606.141,71,15,Glendale Secondary School,145 Rainbow Drive,Hamilton,Secondary School,9,12,English,Hamilton-Wentworth District School Board,https://www.hwdsb.on.ca,,-79.78009662227238,43.22574404878071
591150.424899999984,4786935.5502,75,20,Norwood Park Elementary School,165 Terrace Drive,Hamilton,Elementary School,1,8,French Immersion,Hamilton-Wentworth District School Board,https://www.hwdsb.on.ca,,-79.87751852404332,43.22970775014828
594049.720099999569356,4784034.334,32,97,Cecil B. Stirling Elementary School,340 Queen Victoria Drive,Hamilton,Elementary School,Kindergarten,8,English,Hamilton-Wentworth District School Board,https://www.hwdsb.on.ca,,-79.84231617155791,43.203232507670386
589893.172500000335276,4789468.5381,33,7,Earl Kitchener Elementary School,300 Dundurn Street South,Hamilton,Elementary School,Kindergarten,5,French Immersion,Hamilton-Wentworth District School Board,https://www.hwdsb.on.ca,,-79.89258523380612,43.2526631591308
590240.828700000420213,4787542.1654,34,105,Buchanan Park Elementary School,30 Laurier Avenue,Hamilton,Elementary School,Kindergarten,6,English,Hamilton-Wentworth District School Board,https://www.hwdsb.on.ca,,-79.88861851874307,43.235278473003774
596213.01410000026226,4787832.447899999097,35,106,A.M. Cunningham Elementary School,100 Wexford Avenue South,Hamilton,Elementary School,Kindergarten,5,French Immersion,Hamilton-Wentworth District School Board,https://www.hwdsb.on.ca,,-79.81503101264408,43.237153690474535
591938.540500000119209,4790088.150499999523,36,108,Southern Ontario Collegiate,29 Rebecca St,Hamilton,Alternative Education,9,12,English,,http://www.mysoc.ca,,-79.8672892482904,43.257994799737965
591014.897900000214577,4786356.411599999294,37,109,Ridgemount Elementary School,65 Hester Street,Hamilton,Elementary School,Kindergarten,8,English,Hamilton-Wentworth District School Board,https://www.hwdsb.on.ca,,-79.87928270940907,43.22451012426228
598180.106499999761581,4788240.3241,39,111,Parkdale Elementary School,139 Parkdale Avenue North,Hamilton,Elementary School,Kindergarten,5,English,Hamilton-Wentworth District School Board,https://www.hwdsb.on.ca,,-79.79073672214263,43.240572186365576
591554.547500000335276,4784660.4647,40,113,Guido De Brès Christian High School,420 Crerar Drive,Hamilton,Alternative Education,9,12,English,,http://www.guidodebres.org,,-79.87292024095542,43.20917622532042
589715.531000000424683,4790952.475299999118,41,115,École secondaire Georges- P.-Vanier,100 Macklin Street North,Hamilton,Secondary School,7,12,French,Conseil Scolaire Viamonde,https://csviamonde.ca,,-79.89453153889345,43.266044211673346
588803.545400000177324,4787893.2827,42,118,Chedoke Elementary School,500 Bendamere Avenue,Hamilton,Elementary School,Kindergarten,8,English,Hamilton-Wentworth District School Board,https://www.hwdsb.on.ca,,-79.90625997680765,43.238610193481485
588991.089999999850988,4790723.33,45,125,Kehila Jewish Community Day School,215 Cline Avenue North,Hamilton,Alternative Education,Kindergarten,5,French Immersion,,http://www.kehilaschool.ca,,-79.90349347198251,43.26406712275656
592868.645200000144541,4788214.079299999401,1,98,George L. Armstrong Elementary School,460 Concession Street,Hamilton,Elementary School,Kindergarten,8,English,Hamilton-Wentworth District School Board,https://www.hwdsb.on.ca,,-79.85614811830588,43.24100869457705
591239.83490000013262,4790662.6104,2,13,Hess Street Elementary School,107 Hess Street North,Hamilton,Elementary School,Kindergarten,8,English,Hamilton-Wentworth District School Board,https://www.hwdsb.on.ca,,-79.87580071890054,43.26325153730924
596793.368700000457466,4786429.65799999982,5,124,Rosedale Elementary School,25 Erindale Avenue,Hamilton,Elementary School,Kindergarten,5,English,Hamilton-Wentworth District School Board,https://www.hwdsb.on.ca,,-79.80813096728203,43.22445043507802
597692.495199999772012,4787313.547499999404,7,14,Viscount Montgomery Elementary School,1525 Lucerne Avenue,Hamilton,Elementary School,Kindergarten,8,English,Hamilton-Wentworth District School Board,https://www.hwdsb.on.ca,,-79.79690540264497,43.232291991684214
599846.537200000137091,4786514.738,8,18,Sir Isaac Brock Elementary School,130 Greenford Drive,Hamilton,Elementary School,Kindergarten,5,English,Hamilton-Wentworth District School Board,https://www.hwdsb.on.ca,,-79.77052861734143,43.22481855901099
589706.703700000420213,4786179.8037,11,153,Annunciation of Our Lord Elementary School,250 Limeridge Road West,Hamilton,Elementary School,Kindergarten,8,English,Hamilton-Wentworth Catholic District School Board,https://www.hwcdsb.ca/,,-79.89541698906716,43.2230767731172
589636.585400000214577,4783493.0796,12,66,Corpus Christi Elementary School,25 Alderson Drive,Hamilton,Elementary School,Kindergarten,8,English,Hamilton-Wentworth Catholic District School Board,https://www.hwcdsb.ca/,,-79.89671635988687,43.19889630243701
593359.396200000308454,4790019.752599999309,13,74,St. Brigid Elementary School,24 Smith Avenue,Hamilton,Elementary School,Kindergarten,8,English,Hamilton-Wentworth Catholic District School Board,https://www.hwcdsb.ca/,,-79.84979890028568,43.257204360438614
588255.780899999663234,4787250.667899999768,14,86,Regina Mundi Elementary School,675 Mohawk Road West,Hamilton,Elementary School,Kindergarten,8,English,Hamilton-Wentworth Catholic District School Board,https://www.hwcdsb.ca/,,-79.91310811029658,43.23288897033073
594488.58530000038445,4789829.4099,15,140,St. Ann (Hamilton) Elementary School,15 St. Ann Street,Hamilton,Elementary School,Kindergarten,8,English,Hamilton-Wentworth Catholic District School Board,https://www.hwcdsb.ca/,,-79.83592257590261,43.25535002407994
586764.152599999681115,4790044.279899999499,107,39,Colin Macdonald Community School,69 Sanders Boulevard,Hamilton,Alternative Education,Kindergarten,8,French Immersion,,http://www.colinmacdonald.ca/,,-79.93103498053536,43.25821327391366
591354.720099999569356,4789653.6191,108,40,Central Elementary School,75 Hunter Street West,Hamilton,Elementary School,Kindergarten,5,English,Hamilton-Wentworth District School Board,https://www.hwdsb.on.ca,,-79.87455278407133,43.25415372874459
595048.622999999672174,4784996.001,109,41,Lisgar Elementary School,110 Anson Avenue,Hamilton,Elementary School,Kindergarten,8,English,Hamilton-Wentworth District School Board,https://www.hwdsb.on.ca,,-79.82985739776777,43.211765209414395
595561.7187,4789195.247099999338,110,42,Holy Name of Jesus Elementary School,181 Belmont Avenue North,Hamilton,Elementary School,Kindergarten,8,English,Hamilton-Wentworth Catholic District School Board,https://www.hwcdsb.ca/,,-79.82281452613904,43.249505502985556
589193.112999999895692,4790266.61989999935,111,44,Westdale Secondary School,700 Main Street West,Hamilton,Secondary School,9,12,French Immersion,Hamilton-Wentworth District School Board,https://www.hwdsb.on.ca,,-79.90107865313779,43.2599314678197
595821.644600000232458,4788000.4693,112,47,St. John the Baptist Elementary School,115 London Street South,Hamilton,Elementary School,Kindergarten,8,English,Hamilton-Wentworth Catholic District School Board,https://www.hwcdsb.ca/,,-79.81982095580007,43.23871617670367
590522.4375,4790735.508099999279,113,49,Strathcona Elementary School,10 Lamoreaux Street,Hamilton,Elementary School,Kindergarten,5,English,Hamilton-Wentworth District School Board,https://www.hwdsb.on.ca,,-79.88462640136545,43.2639943542759
594878.982099999673665,4787062.412499999627,114,50,Highview Elementary School,1040 Queensdale Avenue East,Hamilton,Elementary School,Kindergarten,8,English,Hamilton-Wentworth District School Board,https://www.hwdsb.on.ca,,-79.83159017420667,43.23039017576337
592865.354299999773502,4789496.0797,115,51,St. Patrick Elementary School,20 East Avenue South,Hamilton,Elementary School,Kindergarten,8,English,Hamilton-Wentworth Catholic District School Board,https://www.hwcdsb.ca/,,-79.85597264269532,43.25255082480752
593225.154099999927,4784307.774299999699,121,60,Lincoln Alexander Elementary School,50 Ravenbury Drive,Hamilton,Elementary School,Kindergarten,6,English,Hamilton-Wentworth District School Board,https://www.hwdsb.on.ca,,-79.852417826466,43.20579652806681
588457.8778,4789912.8383,122,67,Hamilton Hebrew Academy,60 Dow Avenue,Hamilton,Elementary School,Kindergarten,8,English,,http://www.hamiltonhebrewacademy.ca,,-79.9101924621762,43.2568330116916
595820.307300000451505,4783196.491299999878,125,71,Islamic School of Hamilton,1545 Stonechurch Road East,Hamilton,Elementary School,Kindergarten,8,French Immersion,,http://www.ishcanada.com,,-79.82067131590259,43.195466923898884
592766.050800000317395,4786146.4342,128,81,Our Lady of Lourdes Elementary School,420 Mohawk Road East,Hamilton,Elementary School,Kindergarten,8,English,Hamilton-Wentworth Catholic District School Board,https://www.hwcdsb.ca/,,-79.85775924618166,43.22240645493594
589776.400100000202656,4787985.267899999395,129,87,Hillfield-Strathallan College,299 Fennell Avenue West,Hamilton,Alternative Education,Kindergarten,12,English,,https://www.hsc.on.ca/page,,-79.89426510838796,43.239323161405444
592275.167000000365078,4783836.878699999303,131,95,St. Jean De Brebeuf Secondary School,200 Acadia Drive,Hamilton,Secondary School,9,12,English,Hamilton-Wentworth Catholic District School Board,https://www.hwcdsb.ca/,,-79.8641883670318,43.20167375269742
595549.057699999772012,4782856.9951,136,342,Arrell Youth Centre,320 Anchor Road,Hamilton,Section 23 Program,,,English,Hamilton-Wentworth District School Board,http://www.hwdsb.on.ca/altered/ctc-programs/,Custody,-79.82406778202034,43.19244484077872
600598.22,4787444.01,137,254,Parkway Learning Centre,140 Centennial Parkway North,Hamilton,Adult Learning,,,English,Hamilton-Wentworth District School Board,http://www.hwdsb.on.ca/cce/,,-79.76110535028754,43.233084602524706
599305.894000000320375,4788137.173599999398,138,190,Hillcrest Elementary School,40 Eastwood Street,Hamilton,Elementary School,Kindergarten,8,English,Hamilton-Wentworth District School Board,https://www.hwdsb.on.ca,,-79.77689229889981,43.239496155597514
595187.5948,4785208.48599999957,140,194,École secondaire Académie catholique Mère-Teresa,50 Lisgar Court,Hamilton,Secondary School,9,12,French,Conseil Scolaire Catholique MonAvenir,https://www.cscmonavenir.ca/,,-79.82811023579364,43.21366067318217
593373.285199999809265,4785410.5631,141,195,Lawfield Elementary School,45 Berko St,Hamilton,Elementary School,Kindergarten,8,French Immersion,Hamilton-Wentworth District School Board,https://www.hwdsb.on.ca,,-79.85040824533428,43.21570656782414
588195.964700000360608,4787746.8253,142,80,Holbrook Elementary School,450 Sanatorium Road,Hamilton,Elementary School,Kindergarten,6,English,Hamilton-Wentworth District School Board,https://www.hwdsb.on.ca,,-79.91376528559667,43.23736292004031
589097.208200000226498,4786664.90499999933,143,197,Living Hope Christian School,1045 Garth Street,Hamilton,Alternative Education,Kindergarten,,,,http://www.findhope.tv,,-79.90284218763145,43.2275163902402
590509.997999999672174,4786172.69099999964,144,200,New Testament Academy,21 Jameston Avenue,Hamilton,Alternative Education,Kindergarten,12,English,,http://www.ntbch.ca/academy/academy/,,-79.88552880143764,43.22291681409803
595497.176099999807775,4786647.44319999963,145,201,École élémentaire Pavillon de la jeunesse,105 High Street,Hamilton,Elementary School,Kindergarten,6,French,Conseil Scolaire Viamonde,https://csviamonde.ca,,-79.82405067534191,43.22657627724213
589676.144999999552965,4786640.5632,147,204,Westmount Secondary School,39 Montcalm Drive,Hamilton,Secondary School,9,12,English,Hamilton-Wentworth District School Board,https://www.hwdsb.on.ca,,-79.89571831458099,43.227228650519145
589780.884999999776483,4786454.103,148,205,Westview Elementary School,60 Rolston Drive,Hamilton,Middle School,6,8,English,Hamilton-Wentworth District School Board,https://www.hwdsb.on.ca,,-79.89445911145728,43.22553748301088
593585.6425,4783314.115399999544,150,210,Templemead Elementary School,62 Templemead Drive,Hamilton,Elementary School,Kindergarten,8,English,Hamilton-Wentworth District School Board,https://www.hwdsb.on.ca,,-79.84814949188434,43.19680607246401
593639.582799999975,4790031.543299999088,152,214,Cathy Wever Elementary School,160 Wentworth Street North,Hamilton,Elementary School,Kindergarten,8,English,Hamilton-Wentworth District School Board,https://www.hwdsb.on.ca,,-79.84634564253302,43.257275752513
591787.694699999876,4789312.616299999878,153,244,St. Charles Adult Education,45 Young Street,Hamilton,Adult Learning,,,English,Hamilton-Wentworth Catholic District School Board,http://www.stcharles.ca/,,-79.8692765621014,43.25103110427302
591450.318099999800324,4787872.23,154,246,St. Charles Adult Education,150 East 5th Street,Hamilton,Adult Learning,,,English,Hamilton-Wentworth Catholic District School Board,http://www.stcharles.ca/,,-79.87367084429468,43.238104365047015
592218.403699999675155,4786781.3889,155,266,Hill Park Learning Centre,465 East 16th Street,Hamilton,Alternative Education,9,12,English,Hamilton-Wentworth District School Board,http://www.hwdsb.on.ca/cce/,,-79.8643950754449,43.22819005275928
600930.087399999611,4787487.5502,157,248,St. Charles Adult Education,60 Barlake Avenue,Hamilton,Adult Learning,,,English,Hamilton-Wentworth Catholic District School Board,http://www.stcharles.ca/,,-79.75701128651512,43.23343224741278
591820.589999999850988,4790134.35,158,250,City Centre Learning Centre,"77 James Street North, 3rd Level",Hamilton,Adult Learning,,,English,Hamilton-Wentworth District School Board,http://www.hwdsb.on.ca/cce/,,-79.86873445523906,43.258425109347094
595169.285199999809265,4785083.661499999464,159,320,St. Anthony Daniel Elementary School,75 Anson Avenue,Hamilton,Elementary School,Kindergarten,8,English,Hamilton-Wentworth Catholic District School Board,https://www.hwcdsb.ca/,,-79.82835712176335,43.21253920335894
591471.833499999716878,4790098.6818,164,333,College Boreal,120 King Street W,Hamilton,Post Secondary,,,,,https://www.hwdsb.on.ca,,-79.87303637762446,43.25814639936943
587717.745500000193715,4790458.3768,165,334,McMaster University,1280 Main Street W,Hamilton,Post Secondary,,,,,https://www.hwdsb.on.ca,,-79.91922247022977,43.26183103722398
590462.446000000461936,4787844.3613,166,335,Mohawk College - Fennell Campus,135 Fennell Ave W ,Hamilton,Post Secondary,,,,,https://www.hwdsb.on.ca,,-79.88584007268457,43.237972599556436
596662.5,4787173.6743,167,336,Brock University,1842 King Street E,Hamilton,Post Secondary,,,,,https://www.hwdsb.on.ca,,-79.80961172731921,43.2311654290628
592230.885099999606609,4786767.7597,170,359,SAL Outreach,465 East 16th Street,Hamilton,Alternative Education,,,English,Hamilton-Wentworth District School Board,https://www.hwdsb.on.ca,,-79.86424368386018,43.22806582394181
591696.974799999967,4789632.392699999735,172,240,James Street School,100 James St. South,Hamilton,Alternative Education,9,12,English,Hamilton-Wentworth District School Board,https://www.hwdsb.on.ca,,-79.87034070215371,43.25392107172357
591943.873800000175834,4790446.496099999174,173,340,Nu Steel Centre 3,173 James Street N,Hamilton,Alternative Education,9,12,English,Hamilton-Wentworth District School Board,https://www.hwdsb.on.ca,,-79.86716373587659,43.261220304932245
595874.606700000353158,4788528.6688,174,341,SHAE School,34 Ottawa Street North,Hamilton,Alternative Education,9,12,English,Hamilton-Wentworth District School Board,https://www.hwdsb.on.ca,,-79.81907693675963,43.24346471706852
592528.497899999842048,4789792.5961,175,297,Gateway Alt Ed Centre King William,225 King William Street,Hamilton,Alternative Education,9,12,English,Hamilton-Wentworth District School Board,https://www.hwdsb.on.ca,,-79.86007184235233,43.25526175617247
591977.549200000241399,4783907.5491,177,319,St. John Paul II Elementary School,600 Acadia Drive,Hamilton,Elementary School,Kindergarten,8,English,Hamilton-Wentworth Catholic District School Board,https://www.hwcdsb.ca/,,-79.86783926506592,43.202346307116194
594086.782599999569356,4786736.6212,182,170,Blessed Sacrament Elementary School,315 East 37th Street,Hamilton,Elementary School,Kindergarten,8,English,Hamilton-Wentworth Catholic District School Board,https://www.hwcdsb.ca/,,-79.841399502283,43.22755633007822
594202.800699999555945,4788949.085599999875,183,317,Wilma's Place Alternative Education Centre,770 Main Street East,Hamilton,Alternative Education,9,12,English,Hamilton-Wentworth Catholic District School Board,https://www.hwcdsb.ca/,,-79.83959316169508,43.247460373499074
592952.570000000298023,4784533.0873,184,199,Saint Teresa of Calcutta Elementary School,1 Rexford Drive,Hamilton,Elementary School,Kindergarten,8,English,Hamilton-Wentworth Catholic District School Board,https://www.hwcdsb.ca/,,-79.85573470243027,43.20785861935258
589078.806099999696016,4790707.5667,186,322,Cootes Paradise Elementary School,900 King Street West,Hamilton,Elementary School,Kindergarten,6,French Immersion,Hamilton-Wentworth District School Board,https://www.hwdsb.on.ca,,-79.9024154196358,43.263914841099094
587672.276700000278652,4786166.791699999943,188,8,Gordon Price Elementary School,11 Guildwood Drive,Hamilton,Elementary School,Kindergarten,8,English,Hamilton-Wentworth District School Board,https://www.hwdsb.on.ca,,-79.92046509786861,43.22319873632873
595241.498100000433624,4785995.016599999741,189,83,Huntington Park Elementary School,80 Kingslea Drive,Hamilton,Elementary School,Kindergarten,8,English,Hamilton-Wentworth District School Board,https://www.hwdsb.on.ca,,-79.8273110434352,43.22073489741788
589557.130900000222027,4785625.520099999383,190,112,James Macdonald Elementary School,200 Chester Avenue,Hamilton,Elementary School,Kindergarten,6,English,Hamilton-Wentworth District School Board,https://www.hwdsb.on.ca,,-79.89734832751455,43.21810428472633
587242.77170000039041,4788179.2585,192,167,Mountview Elementary School,59 Karen Crescent,Hamilton,Elementary School,Kindergarten,6,English,Hamilton-Wentworth District School Board,https://www.hwdsb.on.ca,,-79.925434494569,43.241367031559626
591719.291699999943,4785832.694199999794,193,147,Pauline Johnson Elementary School,25 Hummingbird Lane,Hamilton,Elementary School,Kindergarten,8,English,Hamilton-Wentworth District School Board,https://www.hwdsb.on.ca,,-79.87069780178217,43.2197098108109
596330.594399999827147,4788803.7684,194,32,Queen Mary Elementary School,1292 Cannon Street East,Hamilton,Elementary School,Kindergarten,8,English,Hamilton-Wentworth District School Board,https://www.hwdsb.on.ca,,-79.81341347079861,43.24588326203603
590717.400000000372529,4789536.84,197,6,Ryerson Middle School,222 Robinson Street,Hamilton,Middle School,6,8,French Immersion,Hamilton-Wentworth District School Board,https://www.hwdsb.on.ca,,-79.88242202546074,43.253179340091215
586410.572800000198185,4784991.083,198,328,Tiffany Hills Elementary School,255 Raymond Road,Hamilton,Elementary School,Kindergarten,8,English,Hamilton-Wentworth District School Board,https://www.hwdsb.on.ca,,-79.93618224258705,43.21275914325411
597175.4468,4788308.956399999559,199,114,W. H. Ballard Elementary School,801 Dunsmure Road,Hamilton,Elementary School,Kindergarten,8,English,Hamilton-Wentworth District School Board,https://www.hwdsb.on.ca,,-79.803096141324,43.241320189731
588515.388799999840558,4786038.6106,76,22,R. A. Riddell Elementary School,200 Cranbrook Drive,Hamilton,Elementary School,Kindergarten,8,English,Hamilton-Wentworth District School Board,https://www.hwdsb.on.ca,,-79.9101059999739,43.221946280413874
593025.5619,4786634.7521,77,25,Timothy Canadian Reformed School,430 East 25th Street,Hamilton,Alternative Education,Kindergarten,8,English,,http://timothyschool.org,,-79.85448215297332,43.22677080167853
586494.120799999684095,4789033.097799999639,78,27,Glenwood Special Day School,150 Lower Horning Road,Hamilton,Adult Learning,,,,Hamilton-Wentworth District School Board,https://www.hwdsb.on.ca,,-79.93452004311315,43.24914050841144
588274.683500000275671,4790086.1348,79,61,Dalewood Middle School,1150 Main Street West,Hamilton,Middle School,6,8,French Immersion,Hamilton-Wentworth District School Board,https://www.hwdsb.on.ca,,-79.91242125952363,43.25841468819062
593994.756,4786469.3931,80,313,Vincent Massey Alternative Education Centre,155 Macassa Avenue,Hamilton,Alternative Education,9,12,English,Hamilton-Wentworth District School Board,http://www.hwdsb.on.ca/altered/alternative-education/,,-79.84257803094637,43.22516197469788
598462.307799999602139,4785745.1557,81,65,Sir Wilfrid Laurier School,70 Albright Road,Hamilton,Elementary School,Kindergarten,8,English,Hamilton-Wentworth District School Board,https://www.hwdsb.on.ca,,-79.78770701169866,43.21807212149823
591668.538499999791384,4782985.5172,83,166,Ray Lewis Elementary School,27 Jessica Street,Hamilton,Elementary School,Kindergarten,8,English,Hamilton-Wentworth District School Board,https://www.hwdsb.on.ca,,-79.87179515203229,43.19408280258118
593238.711400000378489,4786522.664799999446,85,169,Franklin Road Elementary School,500 Franklin Road,Hamilton,Elementary School,Kindergarten,8,English,Hamilton-Wentworth District School Board,https://www.hwdsb.on.ca,,-79.85187688504493,43.22573537839916
593415.421699999831617,4788255.917199999094,86,174,Sacred Heart Elementary School,5 Hamilton Avenue,Hamilton,Elementary School,Kindergarten,8,English,Hamilton-Wentworth Catholic District School Board,https://www.hwcdsb.ca/,,-79.84940777730377,43.241317824856935
591370.005300000309944,4787774.3717,88,176,Sts. Peter and Paul Elementary School,49 Fennell Avenue East,Hamilton,Elementary School,Kindergarten,8,French Immersion,Hamilton-Wentworth Catholic District School Board,https://www.hwcdsb.ca/,,-79.87467602817128,43.23723308316841
594264.088700000196695,4788887.787499999627,91,316,St. Charles Adult Education Centre,770 Main Street East,Hamilton,Adult Learning,,,English,Hamilton-Wentworth Catholic District School Board,http://www.stcharles.ca/,,-79.83884884096852,43.24690085602523
599127.594899999909,4786828.0526,92,184,Glen Brae Middle School,50 Secord Drive,Hamilton,Middle School,6,8,French Immersion,Hamilton-Wentworth District School Board,https://www.hwdsb.on.ca,,-79.77932312592864,43.227734022633456
599182.66579999961,4786482.93779999949,93,185,Glen Echo Elementary School,140 Glen Echo Drive,Hamilton,Elementary School,Kindergarten,5,French Immersion,Hamilton-Wentworth District School Board,https://www.hwdsb.on.ca,,-79.77870715998644,43.22461982576347
594812.362399999984,4789502.456199999899,95,242,Prince of Wales Elementary School,77 Melrose Avenue North,Hamilton,Elementary School,Kindergarten,8,English,Hamilton-Wentworth District School Board,https://www.hwdsb.on.ca,,-79.83199079181011,43.25236586324092
592112.979299999773502,4789017.3625,96,243,Queen Victoria Elementary School,166 Forest Avenue,Hamilton,Elementary School,Kindergarten,8,English,Hamilton-Wentworth District School Board,https://www.hwdsb.on.ca,,-79.86531953407169,43.248333280420354
590551.388000000268221,4787879.5324,99,261,Mohawk College - College & Career Prep Centre,135 Fennell Avenue West,Hamilton,Adult Learning,,,,,https://www.mohawkcollege.ca/programs/get-prepared-for-college/academic-upgrading-academic-and-career-entrance-ace,,-79.88473906671472,43.238278571890454
594046.139999999664724,4788991.66,100,263,Hamilton Regional Native Learning Centre,712 Main Street East,Hamilton,Alternative Education,,,,,https://www.hwdsb.on.ca,,-79.84151528400375,43.2478632221229
591597.646999999880791,4789686.140799999237,101,264,Hamilton Literacy Council,"75 Macnab Street South, Suite 329",Hamilton,Adult Learning,,,English,,http://www.hamiltonreads.ca/,,-79.87155520066527,43.2544170390668
590448.05460000038147,4786684.1168,102,29,Calvin Christian School,547 West 5th Street,Hamilton,Elementary School,Kindergarten,8,English,,https://ccshamilton.ca/,,-79.88620755037216,43.2275286233273
594164.410299999639392,4783843.566199999303,104,33,St. Kateri Tekakwitha Elementary School,22 Queensbury Drive,Hamilton,Elementary School,Kindergarten,8,English,Hamilton-Wentworth Catholic District School Board,https://www.hwcdsb.ca/,,-79.84093721889194,43.201500746232014
591103.412899999879301,4783950.784299999475,106,37,Helen Detwiler Elementary School,320 Brigade Drive,Hamilton,Elementary School,Kindergarten,8,English,Hamilton-Wentworth District School Board,https://www.hwdsb.on.ca,,-79.8785899347443,43.202841520818254
587779.172199999914,4790196.639799999073,229,353,McMaster Medical Centre - Mental Health Unit,1200 Main Street West,Hamilton,Section 23 Program,,,English,Hamilton-Wentworth District School Board,http://www.hwdsb.on.ca/altered/ctc-programs/,Care & Treatment,-79.91850747318325,43.25946744759035
587853.255699999630451,4790174.811599999666,230,354,McMaster Medical Centre - Pediatric Unit,1200 Main Street West,Hamilton,Section 23 Program,,,English,Hamilton-Wentworth District School Board,http://www.hwdsb.on.ca/altered/ctc-programs/,Care & Treatment,-79.91759836090151,43.259262294364106
592223.819299999624491,4786800.615,231,356,White Rabbit Treatment Homes - #2,465 East 16th Street,Hamilton,Section 23 Program,,,English,Hamilton-Wentworth District School Board,http://www.hwdsb.on.ca/altered/ctc-programs/,Care & Treatment,-79.86432518504213,43.22836248255884
592231.756799999624491,4786822.4431,232,355,Woodview Mental Health & Autism - Hill Park,465 East 16th Street,Hamilton,Section 23 Program,,,English,Hamilton-Wentworth District School Board,http://www.hwdsb.on.ca/altered/ctc-programs/,Treatment,-79.8642238096083,43.22855802970455
593137.937099999748,4788248.1938,233,357,White Rabbit Treatment Homes - #1,529 Concession Street,Hamilton,Section 23 Program,,,English,Hamilton-Wentworth District School Board,http://www.hwdsb.on.ca/altered/ctc-programs/,Care & Treatment,-79.85282617055088,43.241282613631455
592242.083999999798834,4786764.7201,234,358,Gateway Alt Ed Centre Hill Park,465 East 16th Street,Hamilton,Alternative Education,9,12,English,Hamilton-Wentworth District School Board,https://www.hwdsb.on.ca,,-79.86410631233136,43.22803708944814
589867.561099999584258,4786727.184499999508,200,55,Westwood Elementary School,9 Lynbrook Drive,Hamilton,Elementary School,Kindergarten,5,English,Hamilton-Wentworth District School Board,https://www.hwdsb.on.ca,,-79.89334751717568,43.22798573088327
587183.869900000281632,4787785.839099999517,203,117,St. Teresa of Avila Elementary School,171 San Remo Drive,Hamilton,Elementary School,Kindergarten,8,English,Hamilton-Wentworth Catholic District School Board,https://www.hwcdsb.ca/,,-79.92622206908577,43.237831838421215
601840.928299999795854,4787098.2089,204,143,St. Agnes Elementary School,80 Colcrest Street,Hamilton,Elementary School,Kindergarten,8,English,Hamilton-Wentworth Catholic District School Board,https://www.hwcdsb.ca/,,-79.74586847402234,43.22980475813038
590096.291600000113249,4789166.0633,205,161,Beth Jacob Hebrew School,375 Aberdeen Avenue,Hamilton,Alternative Education,Kindergarten,12,English,,http://www.bethjacobsynagogue.ca/hebrew_school.html,,-79.89013287797344,43.24991572892263
594494.456699999981,4788324.601299999282,206,5,Notre-Dame Elementary School,400 Cumberland Avenue,Hamilton,Elementary School,Kindergarten,8,French,Conseil Scolaire Catholique MonAvenir,https://www.cscmonavenir.ca/,,-79.8361082689143,43.24180174268812
590400.218500000424683,4787849.6665,207,314,Turning Point Alt Ed Centre Fennell Ave,135 Fennell Avenue West,Hamilton,Adult Learning,,,English,Hamilton-Wentworth District School Board,https://www.hwdsb.on.ca,,-79.8866054716723,43.238027823560245
598014.099399999715388,4787465.980399999768,208,262,CNIB - Literacy for Deaf/Blind Adults Centre,115 Parkdale Avenue South,Hamilton,Alternative Education,,,English,,http://www.cnib.ca,,-79.79291858195296,43.2336225852993
588052.2418,4788026.6727,209,252,Mountain Learning Centre,565 Sanatorium Road,Hamilton,Adult Learning,,,English,Hamilton-Wentworth District School Board,http://www.hwdsb.on.ca/cce/,,-79.91549039841118,43.23989920625962
589987.747399999760091,4787403.011099999771,210,198,École élémentaire catholique Monseigneur-de-Laval,135 Bendamere Avenue,Hamilton,Elementary School,Kindergarten,8,French,Conseil Scolaire Catholique MonAvenir,https://www.cscmonavenir.ca,,-79.89175753177126,43.23405589822166
588043.876400000415742,4784279.737299999222,211,213,St. Thérèse of Lisieux Elementary School,1760 Garth Street,Hamilton,Elementary School,Kindergarten,8,English,,https://www.hwcdsb.ca,,-79.91619122564059,43.20616606113965
596315.8843,4788193.5994,212,265,Woodview Mental Health & Autism - Delta School,1284 Main Street East,Hamilton,Section 23 Program,,,English,Hamilton-Wentworth District School Board,http://woodview.ca/day-treatment-hamilton/,Treatment,-79.81370123499656,43.2403919284256
592457.136300000362098,4789835.1311,213,251,King William Learning Centre,"225 King William Street, 3rd Floor",Hamilton,Adult Learning,,,English,Hamilton-Wentworth District School Board,https://www.hwdsb.on.ca,,-79.86094369078258,43.255653451421836
594124.640399999917,4785387.03299999982,215,324,Nora Frances Henderson Secondary School,75 Palmer Road,Hamilton,Secondary School,9,12,English,Hamilton-Wentworth District School Board,https://www.hwdsb.on.ca,,-79.84116358175727,43.21540140701833
592690.381199999712408,4789125.033099999651,218,343,Bernhart House - Dawn Patrol,125 Victoria Ave South,Hamilton,Section 23 Program,,,English,Hamilton-Wentworth District School Board,http://www.hwdsb.on.ca/altered/ctc-programs/,Custody,-79.85819016412195,43.24923186325069
594056.286600000225008,4789400.4461,219,344,Bridge Program - Dawn Patrol,837 King Street East,Hamilton,Section 23 Program,,,English,Hamilton-Wentworth District School Board,http://www.hwdsb.on.ca/altered/ctc-programs/,Treatment and Corrections,-79.84132055158561,43.25154219698211
596428.917700000107288,4787302.277599999681,220,345,George R. Force,1760 King Street East,Hamilton,Section 23 Program,,,English,Hamilton-Wentworth District School Board,http://www.hwdsb.on.ca/altered/ctc-programs/,Custody,-79.81246517941415,43.23235311055924
590930.162499999627471,4789275.285199999809,221,346,Grace Haven,138 Herkimer Street,Hamilton,Section 23 Program,,,English,Hamilton-Wentworth District School Board,http://www.hwdsb.on.ca/altered/ctc-programs/,Care & Treatment,-79.87984458599023,43.25079893552347
594381.314000000245869,4789967.043099999428,222,347,John Howard Non-Res Attendance Centre,654 Barton Street East,Hamilton,Section 23 Program,,,English,Hamilton-Wentworth District School Board,http://www.hwdsb.on.ca/altered/ctc-programs/,Corrections,-79.8372202871707,43.25660255173317
594829.227199999616,4789277.504499999806,223,0,Bernie Custis Secondary School,1055 King St E,Hamilton,Secondary School,9,12,English,Hamilton-Wentworth District School Board,https://www.hwdsb.on.ca/berniecustis/,,-79.83182178597768,43.250338542599465
592215.496000000275671,4786770.582699999213,224,348,Hatts Off Program,465 East 16th Street,Hamilton,Section 23 Program,,,English,Hamilton-Wentworth District School Board,http://www.hwdsb.on.ca/altered/ctc-programs/,Care & Treatment,-79.86443268107902,43.22809312039298
592080.682900000363588,4789306.888299999759,226,350,CTCC Lynwood Charlton Centre Augusta Compass,121 Augusta Street,Hamilton,Section 23 Program,,,English,Hamilton-Wentworth District School Board,http://www.hwdsb.on.ca/altered/ctc-programs/,Care & Treatment,-79.86566891963248,43.250943805601395
588284.714800000190735,4787050.6936,228,352,CTCC Lynwood Charlton Centre Upper Paradise,526 Upper Paradise Road,Hamilton,Section 23 Program,,,English,Hamilton-Wentworth District School Board,http://www.hwdsb.on.ca/altered/ctc-programs/,Care & Treatment,-79.9127838522327,43.23108519597211
